InhTableExport[][0],InhTableExport[][1],InhTableExport[][2]
114.161,1.32012,127.905
38.0032,0.838381,127.905
20.89,0.200396,127.905
9.64874,0.152845,127.905
57.5064,0.109256,127.905
